{"mean": 0.0003999703621957451, "umbral_max": 0.0011291553819319233}